FEEDBACKID,TRAINERID,MEMBERID,RATING,COMMENT,DATE1
1,1,1,5,Great session!,3/1/2023
2,2,2,4,Good session but could improve,3/2/2023
3,3,3,5,Excellent session,3/3/2023
4,4,4,4,Good session,3/4/2023
5,5,5,5,Great session!,3/5/2023
6,6,6,5,Excellent session,3/6/2023
7,7,7,4,Good session,3/7/2023
8,8,8,5,Great session!,3/8/2023
9,9,9,5,Excellent session,3/9/2023
10,10,10,4,Good session,3/10/2023
11,11,11,5,Great session!,3/11/2023
12,12,12,5,Excellent session,3/12/2023
13,13,13,4,Good session,3/13/2023
14,14,14,5,Great session!,3/14/2023
15,15,15,5,Excellent session,3/15/2023
16,16,16,4,Good session,3/16/2023
17,17,17,5,Great session!,3/17/2023
18,18,18,5,Excellent session,3/18/2023
19,19,19,4,Good session,3/19/2023
20,20,20,5,Great session!,3/20/2023
